array-utils, ghcr.io/ocicl/array-utils@sha256:58ca0a1010160f3190ad853391ae6b3d669b09636005550ee1658098d4bb77ad, array-utils-20250813-b991363/array-utils.asd
array-utils-test, ghcr.io/ocicl/array-utils@sha256:58ca0a1010160f3190ad853391ae6b3d669b09636005550ee1658098d4bb77ad, array-utils-20250813-b991363/array-utils-test.asd
clss, ghcr.io/ocicl/clss@sha256:c67676256c95969cbe4849017efe21f925d2eb01f203aed0bd385b45d5d85b7b, CLSS-20250813-d715c4d/clss.asd
documentation-utils, ghcr.io/ocicl/documentation-utils@sha256:b2a1b3f3bcd1a738af85ae2b0168d408c177661eab6d6bbebb254e394d983f54, documentation-utils-20230511-98630dd/documentation-utils.asd
form-fiddle, ghcr.io/ocicl/form-fiddle@sha256:22a1f26a6f0f01df06c42f69f96e624cdeac2e59c76e6815056a0d0ed2ae92c7, form-fiddle-20250813-706c4fa/form-fiddle.asd
lquery, ghcr.io/ocicl/lquery@sha256:fbe57b74d75d0888edea60b99a3ac0c1fe888d0d96d3b431a37d62881a728aea, lquery-20250813-bff2c32/lquery.asd
lquery-test, ghcr.io/ocicl/lquery@sha256:fbe57b74d75d0888edea60b99a3ac0c1fe888d0d96d3b431a37d62881a728aea, lquery-20250813-bff2c32/lquery-test.asd
multilang-documentation-utils, ghcr.io/ocicl/documentation-utils@sha256:b2a1b3f3bcd1a738af85ae2b0168d408c177661eab6d6bbebb254e394d983f54, documentation-utils-20230511-98630dd/multilang-documentation-utils.asd
plump, ghcr.io/ocicl/plump@sha256:1de91e37930bcaf6a3b45e992044dfdc45bcab40b984733f745eeafa2ac6dfbb, plump-20250813-5987e29/plump.asd
plump-dom, ghcr.io/ocicl/plump@sha256:1de91e37930bcaf6a3b45e992044dfdc45bcab40b984733f745eeafa2ac6dfbb, plump-20250813-5987e29/plump-dom.asd
plump-lexer, ghcr.io/ocicl/plump@sha256:1de91e37930bcaf6a3b45e992044dfdc45bcab40b984733f745eeafa2ac6dfbb, plump-20250813-5987e29/plump-lexer.asd
plump-parser, ghcr.io/ocicl/plump@sha256:1de91e37930bcaf6a3b45e992044dfdc45bcab40b984733f745eeafa2ac6dfbb, plump-20250813-5987e29/plump-parser.asd
queues, ghcr.io/ocicl/queues.simple-queue@sha256:d754acadaf3fa3a32a6ce25ef4db374fa4ea219d996cb0626e15765e1e52e39f, queues-20240503-47d4da6/queues.asd
queues.priority-cqueue, ghcr.io/ocicl/queues.simple-queue@sha256:d754acadaf3fa3a32a6ce25ef4db374fa4ea219d996cb0626e15765e1e52e39f, queues-20240503-47d4da6/queues.priority-cqueue.asd
queues.priority-queue, ghcr.io/ocicl/queues.simple-queue@sha256:d754acadaf3fa3a32a6ce25ef4db374fa4ea219d996cb0626e15765e1e52e39f, queues-20240503-47d4da6/queues.priority-queue.asd
queues.simple-cqueue, ghcr.io/ocicl/queues.simple-queue@sha256:d754acadaf3fa3a32a6ce25ef4db374fa4ea219d996cb0626e15765e1e52e39f, queues-20240503-47d4da6/queues.simple-cqueue.asd
queues.simple-queue, ghcr.io/ocicl/queues.simple-queue@sha256:d754acadaf3fa3a32a6ce25ef4db374fa4ea219d996cb0626e15765e1e52e39f, queues-20240503-47d4da6/queues.simple-queue.asd
trivial-indent, ghcr.io/ocicl/trivial-indent@sha256:2969bd1dc3cefd22fd1b0c5aeec664d4217a2593fe03bb043d8b6958aabc8b2a, trivial-indent-20250813-87b35ff/trivial-indent.asd
